"","image","abc","YA_average_ratings","YA_bins","RGB","MSE","OA_average_ratings","OA_bins","MSE_3bins","MSE_8bins","RGB_3bins","RGB_8bins"
"1",1,"ab",4,"medium","0.090959289","1690.286683",5,"medium","high","7","low","2"
"2",1,"ac",2,"low","0.117276131","1024.572597",5.5,"medium","medium","5","low","2"
"3",1,"bc",5,"medium","0.092696773","226.8704703",7,"high","low","2","low","2"
"4",2,"ab",3,"low","0.715386885","1073.176325",3,"low","medium","6","high","7"
"5",2,"ac",3,"low","0.59228193","1965.135214",6.5,"high","high","7","high","6"
"6",2,"bc",5,"medium","0.349426696","1533.146573",6,"medium","high","6","medium","4"
"7",3,"ab",8,"high","1.719072144","1630.686066",7.5,"high","high","7","high","8"
"8",3,"ac",5.5,"medium","1.04411031","909.5910453",7.5,"high","medium","5","high","8"
"9",3,"bc",7.5,"high","0.310962384","749.3855922",8,"high","medium","4","medium","4"
"10",4,"ab",8,"high","1.892571251","3295.225739",8,"high","high","8","high","8"
"11",4,"ac",8,"high","1.821875762","1855.357177",6.5,"high","high","7","high","8"
"12",4,"bc",8,"high","0.65722098","1421.122413",9,"high","high","6","high","6"
"13",5,"ab",0.5,"low","0.004262563","156.0403828",2,"low","low","2","low","1"
"14",5,"ac",2.5,"low","0.014189596","328.9880453",6.5,"high","low","3","low","1"
"15",5,"bc",1.5,"low","0.006959827","172.3636",6,"medium","low","2","low","1"
"16",6,"ab",5.5,"medium","2.843425342","872.8122406",4.5,"medium","medium","5","high","8"
"17",6,"ac",1.5,"low","1.8326901","511.3139422",6,"medium","medium","4","high","8"
"18",6,"bc",7.5,"high","1.173912818","1083.089242",7,"high","medium","6","high","8"
"19",7,"ab",1,"low","0.047296065","430.6838594",2,"low","low","3","low","1"
"20",7,"ac",2,"low","0.043523913","206.8351938",2.5,"low","low","2","low","1"
"21",7,"bc",1,"low","0.016763105","153.9534656",8,"high","low","2","low","1"
"22",8,"ab",5.5,"medium","0.07295574","350.2777984",3.5,"low","low","3","low","2"
"23",8,"ac",4.5,"medium","0.06991786","172.1668859",5.5,"medium","low","2","low","2"
"24",8,"bc",3,"low","0.050209199","154.2695781",3,"low","low","2","low","1"
"25",9,"ab",5.5,"medium","0.155694003","625.8108703",4,"medium","medium","4","low","3"
"26",9,"ac",4,"medium","0.199083412","439.2776141",6.5,"high","medium","3","medium","3"
"27",9,"bc",5.5,"medium","0.18301269","195.6514406",6.5,"medium","low","2","low","3"
"28",10,"ab",4.5,"medium","0.390044692","423.1961625",3.5,"low","low","3","medium","5"
"29",10,"ac",2.5,"low","0.405386851","325.5916359",5,"medium","low","3","medium","5"
"30",10,"bc",6,"medium","0.527267831","135.3270672",6.5,"medium","low","1","medium","6"
"31",11,"ab",8,"high","0.288401928","1574.194033",6,"medium","high","6","medium","4"
"32",11,"ac",3.5,"medium","0.313095074","1554.257209",2,"low","high","6","medium","4"
"33",11,"bc",6,"medium","0.062479234","515.2485516",7,"high","medium","4","low","1"
"34",12,"ab",8,"high","0.798007694","99.57922344",7,"high","low","1","high","7"
"35",12,"ac",6,"medium","0.660236514","341.8730172",8,"high","low","3","high","7"
"36",12,"bc",8.5,"high","0.322058248","414.3699",8,"high","low","3","medium","4"
"37",13,"ab",4,"medium","0.086158175","676.4282141",3.5,"low","medium","4","low","2"
"38",13,"ac",0.5,"low","0.085065912","347.6201844",4,"medium","low","3","low","2"
"39",13,"bc",6.5,"high","0.06139635","356.6179641",6,"medium","low","3","low","1"
"40",14,"ab",8.5,"high","0.617443586","95.01240469",8,"high","low","1","high","6"
"41",14,"ac",6,"medium","0.431207288","422.5450281",8.5,"high","low","3","medium","5"
"42",14,"bc",9,"high","0.135821262","516.4013422",8.5,"high","medium","4","low","3"
"43",15,"ab",4,"medium","0.10519338","1708.473478",3.5,"low","high","7","low","2"
"44",15,"ac",3,"low","0.082314944","971.6000984",8,"high","medium","5","low","2"
"45",15,"bc",6,"medium","0.072665041","532.5260891",6,"medium","medium","4","low","2"
"46",16,"ab",4.5,"medium","0.128525733","24.568075",4,"medium","low","1","low","2"
"47",16,"ac",3,"low","0.100868124","206.80325",7.5,"high","low","2","low","2"
"48",16,"bc",6.5,"high","0.123364497","324.1188344",7,"high","low","3","low","2"
"49",17,"ab",5.5,"medium","0.343714961","3060.562122",5,"medium","high","8","medium","4"
"50",17,"ac",8.5,"high","0.150385242","1956.906705",8.5,"high","high","7","low","3"
"51",17,"bc",6,"medium","0.452163845","4770.811861",6.5,"medium","high","8","medium","5"
"52",18,"ab",5,"medium","0.012132728","442.5993516",5,"medium","medium","3","low","1"
"53",18,"ac",7.5,"high","0.042247888","2131.246898",7.5,"high","high","7","low","1"
"54",18,"bc",5.5,"medium","0.060076487","3151.927619",6.5,"medium","high","8","low","1"
"55",19,"ab",0.5,"low","0.051218026","98.77267813",2,"low","low","1","low","1"
"56",19,"ac",1,"low","0.050152463","142.0409625",2.5,"low","low","1","low","1"
"57",19,"bc",2,"low","0.022240809","36.82275",5.5,"medium","low","1","low","1"
"58",20,"ab",3,"low","0.172610442","502.3112828",3,"low","medium","4","low","3"
"59",20,"ac",7,"high","0.312777451","970.3437922",9,"high","medium","5","medium","4"
"60",20,"bc",4,"medium","0.11808845","462.97425",6,"medium","medium","3","low","2"
"61",21,"ab",4,"medium","0.270367167","764.4803047",5,"medium","medium","5","medium","4"
"62",21,"ac",4,"medium","0.355969103","830.4222406",5,"medium","medium","5","medium","4"
"63",21,"bc",5.5,"medium","0.180016542","776.0540609",8.5,"high","medium","5","low","3"
"64",22,"ab",8,"high","0.099305725","121.1339531",7,"high","low","1","low","2"
"65",22,"ac",6,"medium","0.159885084","269.4923031",8,"high","low","2","low","3"
"66",22,"bc",5.5,"medium","0.502882569","270.7004344",8,"high","low","2","medium","6"
"67",23,"ab",5.5,"medium","0.110714784","1260.801703",7.5,"high","high","6","low","2"
"68",23,"ac",1.5,"low","0.11249714","786.8796688",6,"medium","medium","5","low","2"
"69",23,"bc",5.5,"medium","0.128900574","461.3443156",9,"high","medium","3","low","2"
"70",24,"ab",7,"high","0.216665922","1033.541527",6.5,"high","medium","5","medium","3"
"71",24,"ac",1,"low","0.183455168","1387.816645",6,"medium","high","6","low","3"
"72",24,"bc",7.5,"high","0.055715821","309.3057781",8,"high","low","2","low","1"
"73",25,"ab",5.5,"medium","0.367813146","839.3310078",4,"medium","medium","5","medium","5"
"74",25,"ac",9,"high","0.337260993","1269.215498",9,"high","high","6","medium","4"
"75",25,"bc",8,"high","0.481711512","1482.993456",9,"high","high","6","medium","5"
"76",26,"ab",2,"low","0.162914657","166.3753297",1,"low","low","2","low","3"
"77",26,"ac",1,"low","0.250008515","203.9408578",4.5,"medium","low","2","medium","4"
"78",26,"bc",4.5,"medium","0.242037303","396.4084594",5,"medium","low","3","medium","4"
"79",27,"ab",8,"high","0.21398199","1236.202531",8,"high","high","6","medium","3"
"80",27,"ac",4,"medium","0.209531439","742.4183266",6,"medium","medium","4","medium","3"
"81",27,"bc",6.5,"high","0.449030828","477.2548484",9,"high","medium","3","medium","5"
"82",28,"ab",4.5,"medium","0.32485218","519.0909891",2.5,"low","medium","4","medium","4"
"83",28,"ac",0.5,"low","0.361089604","435.576625",4.5,"medium","low","3","medium","4"
"84",28,"bc",4.5,"medium","0.320042515","245.2358547",5.5,"medium","low","2","medium","4"
"85",29,"ab",7,"high","0.556009838","2342.415883",7,"high","high","7","medium","6"
"86",29,"ac",1,"low","0.602757677","4042.624502",1,"low","high","8","high","6"
"87",29,"bc",7,"high","0.153070533","1666.041344",8,"high","high","7","low","3"
"88",30,"ab",5,"medium","0.625640462","5466.799361",7,"high","high","8","high","6"
"89",30,"ac",2.5,"low","0.796347297","3666.046931",9,"high","high","8","high","7"
"90",30,"bc",6,"medium","0.578824095","971.6527359",8.5,"high","medium","5","high","6"
"91",31,"ab",3.5,"medium","1.02428094","1556.072217",2.5,"low","high","6","high","8"
"92",31,"ac",2.5,"low","0.801104061","1831.933331",5.5,"medium","high","7","high","7"
"93",31,"bc",5.5,"medium","0.650444761","2057.283258",5.5,"medium","high","7","high","6"
"94",32,"ab",6,"medium","0.416218246","5529.760755",6.5,"high","high","8","medium","5"
"95",32,"ac",5.5,"medium","0.293749987","2293.261502",7,"high","high","7","medium","4"
"96",32,"bc",6.5,"high","0.238548824","2385.530466",8,"high","high","7","medium","4"
"97",33,"ab",8,"high","0.643122849","1560.542853",7.5,"high","high","6","high","6"
"98",33,"ac",3.5,"medium","1.058168147","498.8879797",9,"high","medium","4","high","8"
"99",33,"bc",7,"high","0.845282853","1306.061555",8.5,"high","high","6","high","7"
"100",34,"ab",6.5,"high","0.040213806","298.4970625",5.5,"medium","low","2","low","1"
"101",34,"ac",4.5,"medium","0.03078736","59.29413281",7,"high","low","1","low","1"
"102",34,"bc",4,"medium","0.027903139","191.7623391",7,"high","low","2","low","1"
"103",35,"ab",6.5,"high","0.285927099","493.4069797",7,"high","medium","4","medium","4"
"104",35,"ac",4,"medium","0.172743168","1277.047231",6,"medium","high","6","low","3"
"105",35,"bc",7,"high","0.107306138","1280.181723",8.5,"high","high","6","low","2"
"106",36,"ab",8.5,"high","0.871828655","12.92065",8.5,"high","low","1","high","7"
"107",36,"ac",5.5,"medium","0.65748844","268.2351891",6,"medium","low","2","high","6"
"108",36,"bc",8.5,"high","0.11727818","238.5697453",9,"high","low","2","low","2"
"109",37,"ab",9,"high","0.235173617","4876.115636",9,"high","high","8","medium","4"
"110",37,"ac",7.5,"high","0.13292997","942.6813609",9,"high","medium","5","low","3"
"111",37,"bc",5.5,"medium","0.441287203","3361.791047",4.5,"medium","high","8","medium","5"
"112",38,"ab",6,"medium","0.176357889","748.3850313",4.5,"medium","medium","4","low","3"
"113",38,"ac",1.5,"low","0.158406407","442.5325516",3,"low","medium","3","low","3"
"114",38,"bc",6.5,"high","0.0800651","678.8449734",6.5,"medium","medium","4","low","2"
"115",39,"ab",8.5,"high","0.733669748","277.6389078",8.5,"high","low","2","high","7"
"116",39,"ac",6,"medium","0.62510639","2222.770481",7,"high","high","7","high","6"
"117",39,"bc",8.5,"high","0.270788539","1581.554495",9,"high","high","7","medium","4"
"118",40,"ab",7.5,"high","1.167038177","913.5499125",7.5,"high","medium","5","high","8"
"119",40,"ac",6.5,"high","0.803351851","3935.208494",8.5,"high","high","8","high","7"
"120",40,"bc",8,"high","0.356767203","1763.737716",9,"high","high","7","medium","4"
"121",41,"ab",1.5,"low","0.15802175","404.6290484",1,"low","low","3","low","3"
"122",41,"ac",1.5,"low","0.127091059","1061.230525",2,"low","medium","5","low","2"
"123",41,"bc",3,"low","0.107948263","2045.952527",4,"low","high","7","low","2"
"124",42,"ab",3,"low","0.269586895","34.49102656",2.5,"low","low","1","medium","4"
"125",42,"ac",1,"low","0.228159373","76.88531875",5.5,"medium","low","1","medium","4"
"126",42,"bc",1.5,"low","0.313541586","87.19369219",1.5,"low","low","1","medium","4"
"127",43,"ab",6.5,"high","0.401604441","907.9958547",6,"medium","medium","5","medium","5"
"128",43,"ac",4,"medium","0.351652746","426.8299422",8.5,"high","low","3","medium","4"
"129",43,"bc",7.5,"high","0.743436006","511.4163031",8,"high","medium","4","high","7"
"130",44,"ab",2.5,"low","0.686824026","1285.987277",2,"low","high","6","high","7"
"131",44,"ac",7.5,"high","0.780932086","3806.284406",8.5,"high","high","8","high","7"
"132",44,"bc",6,"medium","0.773463626","5346.558473",6,"medium","high","8","high","7"
"133",45,"ab",5,"medium","0.533131755","673.1658547",4.5,"medium","medium","4","medium","6"
"134",45,"ac",5,"medium","0.425342674","826.5042375",6.5,"high","medium","5","medium","5"
"135",45,"bc",7.5,"high","0.350385141","1174.276698",7.5,"high","medium","6","medium","4"
"136",46,"ab",6.5,"high","2.307716999","3699.891253",3.5,"low","high","8","high","8"
"137",46,"ac",9,"high","1.874757921","931.9081531",9,"high","medium","5","high","8"
"138",46,"bc",7.5,"high","2.458192789","3095.713894",6,"medium","high","8","high","8"
"139",47,"ab",8,"high","1.031863963","442.5700844",7.5,"high","medium","3","high","8"
"140",47,"ac",5.5,"medium","0.825728797","329.6765172",7.5,"high","low","3","high","7"
"141",47,"bc",8.5,"high","0.226132646","279.0765766",8.5,"high","low","2","medium","3"
"142",48,"ab",9,"high","3.158448097","18088.74658",9,"high","high","8","high","8"
"143",48,"ac",8.5,"high","1.516326362","9599.681841",9,"high","high","8","high","8"
"144",48,"bc",9,"high","0.52065092","6816.006644",9,"high","high","8","medium","6"
"145",49,"ab",4,"medium","0.197063767","299.5852578",3.5,"low","low","2","medium","3"
"146",49,"ac",3,"low","0.204840679","573.998525",6.5,"high","medium","4","medium","3"
"147",49,"bc",4.5,"medium","0.136695209","137.0857891",6,"medium","low","1","low","3"
"148",50,"ab",7,"high","0.585160049","970.1310156",6.5,"high","medium","5","high","6"
"149",50,"ac",8,"high","0.553496928","1676.247595",9,"high","high","7","medium","6"
"150",50,"bc",8,"high","0.801045168","669.9000078",8.5,"high","medium","4","high","7"
"151",51,"ab",6.5,"high","0.861728048","1047.602078",6,"medium","medium","5","high","7"
"152",51,"ac",6.5,"high","0.686158294","2734.414077",8.5,"high","high","8","high","7"
"153",51,"bc",6.5,"high","0.7349244","2515.386658",7.5,"high","high","7","high","7"
"154",52,"ab",8.5,"high","0.590393728","969.9525703",7.5,"high","medium","5","high","6"
"155",52,"ac",9,"high","1.068256053","5106.947255",9,"high","high","8","high","8"
"156",52,"bc",6,"medium","0.864758","2656.509144",8,"high","high","8","high","7"
"157",53,"ab",5,"medium","0.59445631","871.7339156",3.5,"low","medium","5","high","6"
"158",53,"ac",3.5,"medium","0.406887891","610.3714563",8.5,"high","medium","4","medium","5"
"159",53,"bc",5,"medium","0.355341718","1194.112775",3,"low","medium","6","medium","4"
"160",54,"ab",8.5,"high","1.424805083","1983.772359",8.5,"high","high","7","high","8"
"161",54,"ac",6,"medium","1.241293686","2217.58408",8,"high","high","7","high","8"
"162",54,"bc",8.5,"high","0.321722539","368.9772422",9,"high","low","3","medium","4"
"163",55,"ab",2.5,"low","2.174018673","1482.682925",2.5,"low","high","6","high","8"
"164",55,"ac",6.5,"high","1.432919009","2453.213922",7,"high","high","7","high","8"
"165",55,"bc",5,"medium","0.992084223","2609.817763",6.5,"medium","high","8","high","8"
"166",56,"ab",6.5,"high","0.095246651","524.7659516",4.5,"medium","medium","4","low","2"
"167",56,"ac",3.5,"medium","0.050061","278.6044672",7.5,"high","low","2","low","1"
"168",56,"bc",6,"medium","0.104933637","321.0667406",6.5,"medium","low","3","low","2"
"169",57,"ab",5.5,"medium","0.284026938","215.2530422",6,"medium","low","2","medium","4"
"170",57,"ac",3,"low","0.192831555","73.27230938",4.5,"medium","low","1","medium","3"
"171",57,"bc",3.5,"medium","0.238735492","235.9075922",3.5,"low","low","2","medium","4"
"172",58,"ab",5.5,"medium","0.632368542","1173.954286",4.5,"medium","medium","6","high","6"
"173",58,"ac",1.5,"low","0.575823623","1883.164845",4,"medium","high","7","high","6"
"174",58,"bc",5,"medium","0.47318282","625.2171938",6,"medium","medium","4","medium","5"
"175",59,"ab",4.5,"medium","0.118682007","3729.280361",3.5,"low","high","8","low","2"
"176",59,"ac",4,"medium","0.158665903","3497.160355",5.5,"medium","high","8","low","3"
"177",59,"bc",5.5,"medium","0.108760263","846.3885281",5.5,"medium","medium","5","low","2"
"178",60,"ab",7.5,"high","0.135230927","678.4610781",6,"medium","medium","4","low","3"
"179",60,"ac",4.5,"medium","0.103341176","763.4544781",6.5,"high","medium","5","low","2"
"180",60,"bc",7,"high","0.031671171","115.0343594",5.5,"medium","low","1","low","1"
"181",61,"ab",8,"high","0.969374058","5328.13043",7,"high","high","8","high","7"
"182",61,"ac",7,"high","0.481196877","2556.273575",7.5,"high","high","8","medium","5"
"183",61,"bc",6.5,"high","0.804249831","2865.231705",5,"medium","high","8","high","7"
"184",62,"ab",6.5,"high","0.505624374","783.6726922",5,"medium","medium","5","medium","6"
"185",62,"ac",7,"high","0.769838462","1619.448806",7.5,"high","high","7","high","7"
"186",62,"bc",8,"high","0.476357723","861.1997078",7,"high","medium","5","medium","5"
"187",63,"ab",2.5,"low","0.211016691","377.3430047",3,"low","low","3","medium","3"
"188",63,"ac",2,"low","0.148948146","1934.148922",6.5,"high","high","7","low","3"
"189",63,"bc",3.5,"medium","0.082593835","3261.136702",6.5,"medium","high","8","low","2"
"190",64,"ab",9,"high","1.134238124","2267.96753",9,"high","high","7","high","8"
"191",64,"ac",6,"medium","0.364792539","839.0073563",7,"high","medium","5","medium","4"
"192",64,"bc",7,"high","0.646864265","595.0630734",9,"high","medium","4","high","6"
"193",65,"ab",2,"low","0.396932123","791.5408797",2,"low","medium","5","medium","5"
"194",65,"ac",3.5,"medium","0.240724758","1798.74642",3.5,"low","high","7","medium","4"
"195",65,"bc",3,"low","0.199338538","270.7725563",5.5,"medium","low","2","medium","3"
"196",66,"ab",5.5,"medium","0.09573397","404.6597406",6,"medium","low","3","low","2"
"197",66,"ac",7,"high","0.024566824","393.2280641",8.5,"high","low","3","low","1"
"198",66,"bc",4,"medium","0.3648337","534.6657984",4.5,"medium","medium","4","medium","4"
"199",67,"ab",7,"high","0.584955913","698.9876438",6.5,"high","medium","4","high","6"
"200",67,"ac",8,"high","0.932835286","146.3251969",8,"high","low","1","high","7"
"201",67,"bc",7.5,"high","1.562339741","845.8970313",8.5,"high","medium","5","high","8"
"202",68,"ab",5.5,"medium","0.817943496","1245.785694",3,"low","high","6","high","7"
"203",68,"ac",2.5,"low","0.517326804","1460.381041",5,"medium","high","6","medium","6"
"204",68,"bc",7.5,"high","0.30855578","758.9776438",6.5,"medium","medium","5","medium","4"
"205",69,"ab",4.5,"medium","0.102458092","989.2969688",2.5,"low","medium","5","low","2"
"206",69,"ac",0,"low","0.106509786","543.2178188",3.5,"low","medium","4","low","2"
"207",69,"bc",3.5,"medium","0.073318082","183.9622938",5.5,"medium","low","2","low","2"
"208",70,"ab",8,"high","0.264619662","1581.036039",6.5,"high","high","7","medium","4"
"209",70,"ac",6,"medium","0.1526938","2125.901931",8,"high","high","7","low","3"
"210",70,"bc",8,"high","0.270977595","1760.340595",7.5,"high","high","7","medium","4"
"211",71,"ab",3,"low","1.22380824","484.8149922",3,"low","medium","4","high","8"
"212",71,"ac",2,"low","1.061903046","145.7846297",4,"medium","low","1","high","8"
"213",71,"bc",1.5,"low","0.153199289","461.1521156",3.5,"low","medium","3","low","3"
"214",72,"ab",8.5,"high","0.612344312","2261.819792",8.5,"high","high","7","high","6"
"215",72,"ac",4.5,"medium","0.57390315","1314.388713",6.5,"high","high","6","high","6"
"216",72,"bc",8,"high","0.061650404","1293.71993",9,"high","high","6","low","1"
"217",73,"ab",2.5,"low","0.420735828","842.7314156",3.5,"low","medium","5","medium","5"
"218",73,"ac",7,"high","0.860129907","3603.090444",8,"high","high","8","high","7"
"219",73,"bc",5,"medium","0.645837858","2792.400681",6.5,"medium","high","8","high","6"
"220",74,"ab",3.5,"medium","0.04214492","519.9552047",3,"low","medium","4","low","1"
"221",74,"ac",5.5,"medium","0.049921463","50.26470781",7.5,"high","low","1","low","1"
"222",74,"bc",4,"medium","0.071406128","487.475075",2,"low","medium","4","low","2"
"223",75,"ab",7.5,"high","0.630898436","681.7285766",7.5,"high","medium","4","high","6"
"224",75,"ac",4,"medium","1.98412603","2142.817864",8,"high","high","7","high","8"
"225",75,"bc",8,"high","1.520260389","1995.471725",9,"high","high","7","high","8"
"226",76,"ab",4.5,"medium","0.072878997","461.2668406",3,"low","medium","3","low","2"
"227",76,"ac",4.5,"medium","0.07526039","326.1226141",6,"medium","low","3","low","2"
"228",76,"bc",3,"low","0.154576101","769.4417609",3,"low","medium","5","low","3"
"229",77,"ab",6.5,"high","0.331217249","457.3118109",7.5,"high","medium","3","medium","4"
"230",77,"ac",2.5,"low","0.18387256","152.5912531",8,"high","low","1","low","3"
"231",77,"bc",3,"low","0.226591724","338.8536734",5.5,"medium","low","3","medium","3"
"232",78,"ab",5,"medium","0.43830396","2223.78593",5,"medium","high","7","medium","5"
"233",78,"ac",1.5,"low","0.49394896","1347.565588",4.5,"medium","high","6","medium","5"
"234",78,"bc",4.5,"medium","0.354736581","342.0782922",7.5,"high","low","3","medium","4"
"235",79,"ab",6.5,"high","0.739090628","2936.902517",5.5,"medium","high","8","high","7"
"236",79,"ac",7,"high","0.517344106","3237.00912",8.5,"high","high","8","medium","6"
"237",79,"bc",6.5,"high","0.65901337","5939.7796",8,"high","high","8","high","7"
"238",80,"ab",4.5,"medium","0.807709582","640.3399563",7,"high","medium","4","high","7"
"239",80,"ac",6,"medium","1.218071672","588.6182406",7.5,"high","medium","4","high","8"
"240",80,"bc",4.5,"medium","1.729575287","1123.092788",8.5,"high","medium","6","high","8"
"241",81,"ab",3.5,"medium","0.614360237","436.7846219",2.5,"low","medium","3","high","6"
"242",81,"ac",3,"low","0.598915878","233.1498031",6.5,"high","low","2","high","6"
"243",81,"bc",3,"low","0.707349733","310.8549938",4.5,"medium","low","2","high","7"
"244",82,"ab",2,"low","2.118393494","1729.87868",2.5,"low","high","7","high","8"
"245",82,"ac",8.5,"high","0.564248829","2366.695486",8.5,"high","high","7","high","6"
"246",82,"bc",4,"medium","0.920070454","6892.022634",6,"medium","high","8","high","7"
"247",83,"ab",6,"medium","1.852877059","173.8378813",6.5,"high","low","2","high","8"
"248",83,"ac",1.5,"low","1.058585091","2020.023148",8.5,"high","high","7","high","8"
"249",83,"bc",6.5,"high","3.471632856","1048.027417",8.5,"high","medium","5","high","8"
"250",84,"ab",8.5,"high","1.551747644","3375.080778",8,"high","high","8","high","8"
"251",84,"ac",5,"medium","1.184732398","3890.365142",7,"high","high","8","high","8"
"252",84,"bc",7.5,"high","0.729609894","390.6921516",8,"high","low","3","high","7"
"253",85,"ab",5.5,"medium","0.286436033","1414.920277",6,"medium","high","6","medium","4"
"254",85,"ac",4,"medium","0.174554418","804.7478",6.5,"high","medium","5","low","3"
"255",85,"bc",5,"medium","0.090528263","538.4560516",7,"high","medium","4","low","2"
"256",86,"ab",5.5,"medium","0.152442255","951.1826359",6,"medium","medium","5","low","3"
"257",86,"ac",0.5,"low","0.166999234","574.6961078",2,"low","medium","4","low","3"
"258",86,"bc",5.5,"medium","0.040301526","774.1885969",7,"high","medium","5","low","1"
"259",87,"ab",0.5,"low","0.241065496","71.52279219",2.5,"low","low","1","medium","4"
"260",87,"ac",0.5,"low","0.201978107","26.86979063",5,"medium","low","1","medium","3"
"261",87,"bc",0,"low","0.253776638","53.95493281",3,"low","low","1","medium","4"
"262",88,"ab",6,"medium","0.134595062","302.6865547",5,"medium","low","2","low","3"
"263",88,"ac",5.5,"medium","0.104759316","367.3566719",6.5,"high","low","3","low","2"
"264",88,"bc",6,"medium","0.099143502","351.3690703",6.5,"medium","low","3","low","2"
"265",89,"ab",8,"high","0.65413187","4250.868892",7.5,"high","high","8","high","6"
"266",89,"ac",4.5,"medium","0.80239465","6625.619123",8,"high","high","8","high","7"
"267",89,"bc",6,"medium","0.191474319","3944.937334",8.5,"high","high","8","low","3"
"268",90,"ab",4.5,"medium","0.70436333","3790.237886",5.5,"medium","high","8","high","7"
"269",90,"ac",8,"high","0.772943913","3193.895391",5,"medium","high","8","high","7"
"270",90,"bc",5,"medium","0.450809939","927.8577797",8,"high","medium","5","medium","5"
"271",91,"ab",4,"medium","0.12996462","1567.319534",3.5,"low","high","6","low","3"
"272",91,"ac",4,"medium","0.138215507","1394.2889",4.5,"medium","high","6","low","3"
"273",91,"bc",1.5,"low","0.097876479","169.6370875",2.5,"low","low","2","low","2"
"274",92,"ab",6.5,"high","0.656590209","1167.017109",7,"high","medium","6","high","6"
"275",92,"ac",4.5,"medium","0.395985472","508.2478766",8.5,"high","medium","4","medium","5"
"276",92,"bc",6,"medium","0.362582477","262.0385859",8.5,"high","low","2","medium","4"
"277",93,"ab",8.5,"high","0.3699981","814.2034094",7.5,"high","medium","5","medium","5"
"278",93,"ac",3.5,"medium","0.488541018","1250.842406",7.5,"high","high","6","medium","5"
"279",93,"bc",8.5,"high","0.193083398","450.8242813",8,"high","medium","3","medium","3"
"280",94,"ab",7,"high","0.803585691","659.5642359",6.5,"high","medium","4","high","7"
"281",94,"ac",9,"high","1.486757209","1157.094377",7.5,"high","medium","6","high","8"
"282",94,"bc",8,"high","0.610141679","1153.068872",8.5,"high","medium","6","high","6"
"283",95,"ab",8.5,"high","0.327756294","627.14065",7,"high","medium","4","medium","4"
"284",95,"ac",6,"medium","0.601969856","278.6629422",8.5,"high","low","2","high","6"
"285",95,"bc",7,"high","0.569932712","145.3791109",7.5,"high","low","1","high","6"
"286",96,"ab",4.5,"medium","0.528927416","163.3869984",4.5,"medium","low","2","medium","6"
"287",96,"ac",3,"low","0.494287219","486.1119922",4.5,"medium","medium","4","medium","5"
"288",96,"bc",6,"medium","0.428711716","349.9779813",7,"high","low","3","medium","5"
"289",97,"ab",7.5,"high","0.33223955","180.1411234",7,"high","low","2","medium","4"
"290",97,"ac",1.5,"low","0.380328603","248.0092219",8.5,"high","low","2","medium","5"
"291",97,"bc",8,"high","0.168543343","83.39594531",8.5,"high","low","1","low","3"
"292",98,"ab",5.5,"medium","0.704022141","770.4451625",4,"medium","medium","5","high","7"
"293",98,"ac",1.5,"low","0.539998273","1097.214652",4.5,"medium","medium","6","medium","6"
"294",98,"bc",7,"high","0.375654716","1152.001711",6.5,"medium","medium","6","medium","5"
"295",99,"ab",7,"high","0.991284681","1219.4294",7,"high","high","6","high","7"
"296",99,"ac",7,"high","0.824184807","548.3824203",7.5,"high","medium","4","high","7"
"297",99,"bc",6,"medium","0.400398158","779.0316672",8,"high","medium","5","medium","5"
"298",100,"ab",4.5,"medium","0.054064303","31.79731563",3,"low","low","1","low","1"
"299",100,"ac",4,"medium","0.051592908","39.97526563",4.5,"medium","low","1","low","1"
"300",100,"bc",4.5,"medium","0.030189106","7.657534375",6,"medium","low","1","low","1"
"301",101,"ab",6.5,"high","0.641743642","404.9796859",5,"medium","low","3","high","6"
"302",101,"ac",6,"medium","2.017219363","1070.201998",8.5,"high","medium","6","high","8"
"303",101,"bc",6.5,"high","1.266526444","667.9943625",7.5,"high","medium","4","high","8"
"304",102,"ab",7,"high","1.944815762","901.2844344",5.5,"medium","medium","5","high","8"
"305",102,"ac",6,"medium","3.976462281","921.8053625",8.5,"high","medium","5","high","8"
"306",102,"bc",8,"high","2.822280011","810.5079656",7.5,"high","medium","5","high","8"
"307",103,"ab",7.5,"high","1.231645046","4354.362609",7,"high","high","8","high","8"
"308",103,"ac",9,"high","3.560750283","5295.379105",9,"high","high","8","high","8"
"309",103,"bc",8.5,"high","4.810321206","2154.60717",8.5,"high","high","7","high","8"
"310",104,"ab",5,"medium","0.730365705","2270.191645",5.5,"medium","high","7","high","7"
"311",104,"ac",3.5,"medium","0.792328583","1775.564522",3,"low","high","7","high","7"
"312",104,"bc",4.5,"medium","0.276951322","611.9859234",7,"high","medium","4","medium","4"
"313",105,"ab",8,"high","0.00785373","218.2203484",5.5,"medium","low","2","low","1"
"314",105,"ac",2,"low","0.007895332","104.2607094",5.5,"medium","low","1","low","1"
"315",105,"bc",6,"medium","0.016041711","143.5094859",6.5,"medium","low","1","low","1"
"316",106,"ab",5,"medium","0.07593702","473.8292297",2,"low","medium","3","low","2"
"317",106,"ac",1,"low","0.079483662","588.5744906",3.5,"low","medium","4","low","2"
"318",106,"bc",7.5,"high","0.05311402","217.6528422",4,"low","low","2","low","1"
"319",107,"ab",7.5,"high","0.208335208","7530.190417",6.5,"high","high","8","medium","3"
"320",107,"ac",2,"low","0.365777846","4633.513878",6.5,"high","high","8","medium","5"
"321",107,"bc",7.5,"high","0.242085459","938.0702078",8,"high","medium","5","medium","4"
"322",108,"ab",3,"low","0.03632432","717.7123391",3,"low","medium","4","low","1"
"323",108,"ac",7,"high","0.100553943","407.3671281",8.5,"high","low","3","low","2"
"324",108,"bc",3,"low","0.351232969","1128.090239",7.5,"high","medium","6","medium","4"
"325",109,"ab",6,"medium","0.446867328","1679.202155",6,"medium","high","7","medium","5"
"326",109,"ac",3.5,"medium","0.451916098","1513.88665",8,"high","high","6","medium","5"
"327",109,"bc",6,"medium","0.407066894","278.7108672",7.5,"high","low","2","medium","5"
"328",110,"ab",6,"medium","0.125224395","110.7155438",2,"low","low","1","low","2"
"329",110,"ac",9,"high","0.418090284","220.1258031",9,"high","low","2","medium","5"
"330",110,"bc",8,"high","0.418136437","231.3449906",5,"medium","low","2","medium","5"
"331",111,"ab",4.5,"medium","0.082726961","302.4571563",3.5,"low","low","2","low","2"
"332",111,"ac",5.5,"medium","0.12445494","1176.3735",7,"high","medium","6","low","2"
"333",111,"bc",5.5,"medium","0.085263027","332.8484594",7,"high","low","3","low","2"
"334",112,"ab",6.5,"high","0.370048012","3203.592411",5.5,"medium","high","8","medium","5"
"335",112,"ac",5,"medium","0.388417809","4312.995913",5.5,"medium","high","8","medium","5"
"336",112,"bc",7.5,"high","0.093798853","1191.270523",7,"high","medium","6","low","2"
"337",113,"ab",8.5,"high","0.350905004","2146.255964",8,"high","high","7","medium","4"
"338",113,"ac",3,"low","0.402300149","1862.497755",2.5,"low","high","7","medium","5"
"339",113,"bc",8,"high","0.075676783","1341.749444",8.5,"high","high","6","low","2"
"340",114,"ab",0.5,"low","0.129605999","107.8910469",1.5,"low","low","1","low","3"
"341",114,"ac",0.5,"low","0.116665567","108.9533016",4,"medium","low","1","low","2"
"342",114,"bc",1,"low","0.107394041","254.4440297",2.5,"low","low","2","low","2"
"343",115,"ab",6,"medium","0.423770795","1125.651716",5.5,"medium","medium","6","medium","5"
"344",115,"ac",1.5,"low","0.389931382","915.0383688",4,"medium","medium","5","medium","5"
"345",115,"bc",6,"medium","0.206729931","227.8308188",7.5,"high","low","2","medium","3"
"346",116,"ab",6,"medium","0.617045709","1652.306116",3.5,"low","high","7","high","6"
"347",116,"ac",2.5,"low","0.455394515","2951.99408",4,"medium","high","8","medium","5"
"348",116,"bc",6.5,"high","0.373328192","796.8133859",6,"medium","medium","5","medium","5"
"349",117,"ab",1,"low","0.141529185","90.85634063",1.5,"low","low","1","low","3"
"350",117,"ac",4,"medium","0.130156851","145.6015781",8.5,"high","low","1","low","3"
"351",117,"bc",2,"low","0.140777081","44.79511563",5,"medium","low","1","low","3"
"352",118,"ab",3.5,"medium","0.360495665","1372.545041",5,"medium","high","6","medium","4"
"353",118,"ac",9,"high","0.760390644","1888.464194",8.5,"high","high","7","high","7"
"354",118,"bc",6.5,"high","0.764970086","1434.648869",8,"high","high","6","high","7"
"355",119,"ab",0.5,"low","0.118888378","498.04215",1,"low","medium","4","low","2"
"356",119,"ac",0.5,"low","0.146037394","439.110775",1,"low","medium","3","low","3"
"357",119,"bc",1,"low","0.108393124","404.3249125",2,"low","low","3","low","2"
"358",120,"ab",4,"medium","0.41270193","1576.169672",3.5,"low","high","7","medium","5"
"359",120,"ac",4.5,"medium","0.460636843","3127.148977",7,"high","high","8","medium","5"
"360",120,"bc",4.5,"medium","0.304443108","1541.819836",6,"medium","high","6","medium","4"
"361",121,"ab",2.5,"low","0.800455296","627.3023688",3,"low","medium","4","high","7"
"362",121,"ac",3.5,"medium","0.597845012","442.8870688",6,"medium","medium","3","high","6"
"363",121,"bc",3.5,"medium","0.42935267","547.6701125",6,"medium","medium","4","medium","5"
"364",122,"ab",8.5,"high","0.48555372","2040.472444",8,"high","high","7","medium","5"
"365",122,"ac",2,"low","0.487893378","1972.822564",2.5,"low","high","7","medium","5"
"366",122,"bc",8,"high","0.111055241","116.1925578",8.5,"high","low","1","low","2"
"367",123,"ab",9,"high","0.920926725","1586.838991",9,"high","high","7","high","7"
"368",123,"ac",5,"medium","0.297338572","566.9059875",9,"high","medium","4","medium","4"
"369",123,"bc",7,"high","1.111959113","325.5959031",9,"high","low","3","high","8"
"370",124,"ab",5.5,"medium","0.173406923","2369.593973",5,"medium","high","7","low","3"
"371",124,"ac",6.5,"high","0.661447743","5145.996009",6.5,"high","high","8","high","7"
"372",124,"bc",7,"high","0.4024178","2793.470064",7.5,"high","high","8","medium","5"
"373",125,"ab",8.5,"high","1.142110957","523.4766844",8.5,"high","medium","4","high","8"
"374",125,"ac",2.5,"low","1.124413565","424.3228922",1.5,"low","low","3","high","8"
"375",125,"bc",8,"high","0.128276931","92.68778281",9,"high","low","1","low","2"
"376",126,"ab",6.5,"high","0.471201258","3883.0534",5.5,"medium","high","8","medium","5"
"377",126,"ac",3.5,"medium","0.605376016","1755.238308",5,"medium","high","7","high","6"
"378",126,"bc",6,"medium","0.381034534","1368.157745",6.5,"medium","high","6","medium","5"
"379",127,"ab",5,"medium","1.256230489","519.5122984",2.5,"low","medium","4","high","8"
"380",127,"ac",6,"medium","0.784199336","314.6610313",8,"high","low","2","high","7"
"381",127,"bc",6.5,"high","0.471152229","453.2791266",5.5,"medium","medium","3","medium","5"
"382",128,"ab",9,"high","2.989261604","733.7964031",9,"high","medium","4","high","8"
"383",128,"ac",7.5,"high","0.781970227","5022.533589",9,"high","high","8","high","7"
"384",128,"bc",6.5,"high","2.024698376","7386.040823",9,"high","high","8","high","8"
"385",129,"ab",8.5,"high","0.137796676","932.6802766",8.5,"high","medium","5","low","3"
"386",129,"ac",3.5,"medium","0.083875733","187.2571125",8,"high","low","2","low","2"
"387",129,"bc",5.5,"medium","0.373740393","946.6798078",6,"medium","medium","5","medium","5"
"388",130,"ab",5.5,"medium","0.006613701","142.8322281",3.5,"low","low","1","low","1"
"389",130,"ac",0,"low","0.006870574","118.9324547",1,"low","low","1","low","1"
"390",130,"bc",3.5,"medium","0.001588959","27.92872031",5.5,"medium","low","1","low","1"
"391",131,"ab",1.5,"low","0.079900665","290.3760297",2,"low","low","2","low","2"
"392",131,"ac",6,"medium","0.19596686","432.9160797",9,"high","low","3","medium","3"
"393",131,"bc",4,"medium","0.176815483","276.9946344",6.5,"medium","low","2","low","3"
"394",132,"ab",1,"low","0.150822149","727.3551406",1,"low","medium","4","low","3"
"395",132,"ac",4.5,"medium","0.308783239","5572.069927",7,"high","high","8","medium","4"
"396",132,"bc",2,"low","0.225405682","3455.156936",9,"high","high","8","medium","3"
"397",133,"ab",3,"low","0.223825617","74.87608594",3,"low","low","1","medium","3"
"398",133,"ac",6,"medium","0.053694452","249.9154094",8,"high","low","2","low","1"
"399",133,"bc",2.5,"low","0.066384243","325.0777703",5.5,"medium","low","3","low","2"
"400",134,"ab",7,"high","0.438068816","1225.970128",5,"medium","high","6","medium","5"
"401",134,"ac",0.5,"low","0.487014982","766.5714594",4,"medium","medium","5","medium","5"
"402",134,"bc",7.5,"high","0.17335067","162.1994781",7,"high","low","2","low","3"
"403",135,"ab",2.5,"low","0.168636113","92.017725",2.5,"low","low","1","low","3"
"404",135,"ac",0,"low","0.175737569","101.4732438",1,"low","low","1","low","3"
"405",135,"bc",1.5,"low","0.126858509","35.35672813",2,"low","low","1","low","2"
"406",136,"ab",4,"medium","0.355978335","1339.772441",4.5,"medium","high","6","medium","4"
"407",136,"ac",4,"medium","0.475646416","1032.751336",7,"high","medium","5","medium","5"
"408",136,"bc",4,"medium","0.295675474","1262.432717",6,"medium","high","6","medium","4"
"409",137,"ab",5,"medium","0.040114544","586.0758484",4.5,"medium","medium","4","low","1"
"410",137,"ac",4,"medium","0.021295437","107.8283797",7.5,"high","low","1","low","1"
"411",137,"bc",3.5,"medium","0.117906699","480.1244625",5,"medium","medium","3","low","2"
"412",138,"ab",5.5,"medium","0.353003352","269.4321234",5,"medium","low","2","medium","4"
"413",138,"ac",4,"medium","0.307838406","541.7788594",6.5,"high","medium","4","medium","4"
"414",138,"bc",4,"medium","0.3468732","295.4010984",6.5,"medium","low","2","medium","4"
"415",139,"ab",5,"medium","0.647593367","1371.656381",4.5,"medium","high","6","high","6"
"416",139,"ac",4,"medium","0.499334501","1214.147592",5.5,"medium","medium","6","medium","5"
"417",139,"bc",7,"high","0.585828647","830.1189266",7.5,"high","medium","5","high","6"
"418",140,"ab",6.5,"high","0.639735589","3337.432397",6,"medium","high","8","high","6"
"419",140,"ac",3.5,"medium","1.319773202","5940.919348",9,"high","high","8","high","8"
"420",140,"bc",8,"high","0.522657231","2593.69043",8.5,"high","high","8","medium","6"
"421",141,"ab",5.5,"medium","1.402987285","1480.370139",5,"medium","high","6","high","8"
"422",141,"ac",8,"high","0.386210193","585.5998828",8,"high","medium","4","medium","5"
"423",141,"bc",8,"high","0.876337664","2013.458197",8,"high","high","7","high","7"
"424",142,"ab",6.5,"high","0.542125078","2682.290188",6,"medium","high","8","medium","6"
"425",142,"ac",1.5,"low","0.658008171","1516.307102",7,"high","high","6","high","7"
"426",142,"bc",8,"high","0.453522242","668.3570766",7.5,"high","medium","4","medium","5"
"427",143,"ab",5,"medium","0.398198556","1574.590852",1.5,"low","high","6","medium","5"
"428",143,"ac",4.5,"medium","0.697866133","1702.177181",9,"high","high","7","high","7"
"429",143,"bc",7,"high","1.208924072","1770.950761",5.5,"medium","high","7","high","8"
"430",144,"ab",2,"low","0.505780521","682.4229297",2.5,"low","medium","4","medium","6"
"431",144,"ac",1.5,"low","0.387103051","830.1992031",5.5,"medium","medium","5","medium","5"
"432",144,"bc",0,"low","0.400297733","1783.553983",2.5,"low","high","7","medium","5"
"433",145,"ab",4,"medium","0.004842076","34.19458906",2,"low","low","1","low","1"
"434",145,"ac",2.5,"low","0.00543683","91.99602188",6.5,"high","low","1","low","1"
"435",145,"bc",3,"low","0.005246327","147.5391891",5,"medium","low","1","low","1"
"436",146,"ab",4,"medium","0.007161849","168.7051375",1.5,"low","low","2","low","1"
"437",146,"ac",5.5,"medium","0.006307545","187.2615766",6.5,"high","low","2","low","1"
"438",146,"bc",5.5,"medium","0.008509002","169.7063797",5.5,"medium","low","2","low","1"
"439",147,"ab",0.5,"low","0.104527765","116.0034688",1,"low","low","1","low","2"
"440",147,"ac",2,"low","0.173687236","315.3423281",3.5,"low","low","3","low","3"
"441",147,"bc",2,"low","0.127541085","288.8957094",3.5,"low","low","2","low","2"
"442",148,"ab",9,"high","2.303014775","13623.85174",9,"high","high","8","high","8"
"443",148,"ac",7,"high","1.378386623","9817.798744",8,"high","high","8","high","8"
"444",148,"bc",8,"high","0.283359951","3822.733419",9,"high","high","8","medium","4"
"445",149,"ab",4.5,"medium","0.029879075","42.46301719",2.5,"low","low","1","low","1"
"446",149,"ac",1.5,"low","0.02900932","45.22224375",1,"low","low","1","low","1"
"447",149,"bc",6,"medium","0.001503969","36.06822969",6,"medium","low","1","low","1"
"448",150,"ab",3,"low","0.007179201","32.07140938",2.5,"low","low","1","low","1"
"449",150,"ac",0,"low","0.007298774","40.28029688",2,"low","low","1","low","1"
"450",150,"bc",2,"low","0.001712742","15.6582",3,"low","low","1","low","1"
"451",151,"ab",3,"low","0.006576394","233.3487969",2.5,"low","low","2","low","1"
"452",151,"ac",1,"low","0.007305125","223.7385297",3.5,"low","low","2","low","1"
"453",151,"bc",3,"low","0.001366733","64.24536094",5.5,"medium","low","1","low","1"
"454",152,"ab",7,"high","0.064504902","355.8582922",5,"medium","low","3","low","2"
"455",152,"ac",1,"low","0.066928169","355.4101438",3,"low","low","3","low","2"
"456",152,"bc",7,"high","0.005059509","16.12009531",6.5,"medium","low","1","low","1"
"457",153,"ab",0.5,"low","0.002748724","17.26907031",1.5,"low","low","1","low","1"
"458",153,"ac",1.5,"low","0.007797132","87.4537625",5.5,"medium","low","1","low","1"
"459",153,"bc",0,"low","0.007205089","82.56505781",4,"low","low","1","low","1"
"460",154,"ab",5,"medium","0.064184764","885.5342516",4.5,"medium","medium","5","low","1"
"461",154,"ac",3.5,"medium","0.086975818","338.4594641",6.5,"high","low","3","low","2"
"462",154,"bc",5.5,"medium","0.0202255","1476.156931",4.5,"medium","high","6","low","1"
"463",155,"ab",6,"medium","0.698646456","696.3459406",6,"medium","medium","4","high","7"
"464",155,"ac",8.5,"high","0.213867668","836.2218125",9,"high","medium","5","medium","3"
"465",155,"bc",8,"high","0.621247631","1888.966916",9,"high","high","7","high","6"
"466",156,"ab",2,"low","0.219169685","738.1220266",2.5,"low","medium","4","medium","3"
"467",156,"ac",6.5,"high","0.403217535","1200.736403",9,"high","medium","6","medium","5"
"468",156,"bc",4.5,"medium","0.744869825","1921.675992",6.5,"medium","high","7","high","7"
"469",157,"ab",8,"high","0.863621793","465.0906359",8,"high","medium","3","high","7"
"470",157,"ac",6.5,"high","1.071436214","995.6302141",8.5,"high","medium","5","high","8"
"471",157,"bc",6,"medium","1.379396487","530.0261094",9,"high","medium","4","high","8"
"472",158,"ab",5.5,"medium","0.322045126","1051.964958",5,"medium","medium","5","medium","4"
"473",158,"ac",7.5,"high","0.264579739","17.35025781",9,"high","low","1","medium","4"
"474",158,"bc",7.5,"high","0.542633257","1040.146172",8,"high","medium","5","medium","6"
"475",159,"ab",6.5,"high","3.062064181","1803.516964",8,"high","high","7","high","8"
"476",159,"ac",7,"high","0.62098409","1677.107906",9,"high","high","7","high","6"
"477",159,"bc",5,"medium","1.710237641","1182.575473",9,"high","medium","6","high","8"
"478",160,"ab",6.5,"high","0.52882626","2049.883528",5,"medium","high","7","medium","6"
"479",160,"ac",4,"medium","0.623514859","2248.518561",8,"high","high","7","high","6"
"480",160,"bc",7.5,"high","0.559679114","478.0363047",7.5,"high","medium","3","high","6"
"481",161,"ab",7.5,"high","0.273928445","751.5483813",6,"medium","medium","5","medium","4"
"482",161,"ac",7.5,"high","0.701234132","160.1483484",7.5,"high","low","2","high","7"
"483",161,"bc",5,"medium","0.867401798","1090.490386",7.5,"high","medium","6","high","7"
"484",162,"ab",1,"low","0.008426676","407.6628328",2,"low","low","3","low","1"
"485",162,"ac",1,"low","0.008261867","461.4252375",1,"low","medium","3","low","1"
"486",162,"bc",1.5,"low","0.001685618","39.67785781",4.5,"medium","low","1","low","1"
"487",163,"ab",3,"low","0.020264921","238.2279391",2,"low","low","2","low","1"
"488",163,"ac",2,"low","0.017660692","155.8214047",1,"low","low","2","low","1"
"489",163,"bc",5,"medium","0.004186234","78.66021875",4.5,"medium","low","1","low","1"
"490",164,"ab",4,"medium","0.303261356","58.05367031",4.5,"medium","low","1","medium","4"
"491",164,"ac",8.5,"high","0.774943171","537.1646234",9,"high","medium","4","high","7"
"492",164,"bc",7,"high","0.540434992","595.8702438",7.5,"high","medium","4","medium","6"
"493",165,"ab",9,"high","0.126577272","804.9878813",8.5,"high","medium","5","low","2"
"494",165,"ac",7.5,"high","0.582648238","296.1638609",8.5,"high","low","2","high","6"
"495",165,"bc",7,"high","0.522487103","203.7897828",8.5,"high","low","2","medium","6"
"496",166,"ab",4.5,"medium","0.194722344","709.8322578",3.5,"low","medium","4","medium","3"
"497",166,"ac",6,"medium","0.80254012","8646.060573",9,"high","high","8","high","7"
"498",166,"bc",7.5,"high","0.850306858","7634.254794",6.5,"medium","high","8","high","7"
"499",167,"ab",9,"high","0.530832948","1294.378553",9,"high","high","6","medium","6"
"500",167,"ac",5.5,"medium","0.198014575","479.6956906",9,"high","medium","3","medium","3"
"501",167,"bc",6.5,"high","1.010022868","1611.368784",8.5,"high","high","7","high","8"
"502",168,"ab",6.5,"high","0.177869049","167.8467234",7,"high","low","2","low","3"
"503",168,"ac",8.5,"high","0.634722999","307.6214813",9,"high","low","2","high","6"
"504",168,"bc",7,"high","0.675812073","472.5473266",8,"high","medium","3","high","7"
"505",169,"ab",0.5,"low","0.274498049","480.5189984",2.5,"low","medium","4","medium","4"
"506",169,"ac",7,"high","0.460851262","754.4373375",7,"high","medium","5","medium","5"
"507",169,"bc",1.5,"low","0.612287721","718.9651391",3.5,"low","medium","4","high","6"
"508",170,"ab",8,"high","0.715512595","1360.096138",9,"high","high","6","high","7"
"509",170,"ac",9,"high","1.023609307","313.1592",9,"high","low","2","high","8"
"510",170,"bc",6,"medium","1.218293199","1333.595128",9,"high","high","6","high","8"
"511",171,"ab",9,"high","2.31199835","2038.977911",9,"high","high","7","high","8"
"512",171,"ac",9,"high","0.390976324","1510.614555",9,"high","high","6","medium","5"
"513",171,"bc",7,"high","1.872543818","3775.754184",9,"high","high","8","high","8"
"514",172,"ab",9,"high","0.309455504","1885.364884",9,"high","high","7","medium","4"
"515",172,"ac",7.5,"high","0.494237278","1161.947113",9,"high","medium","6","medium","5"
"516",172,"bc",8,"high","0.884960655","1894.9269",9,"high","high","7","high","7"
"517",173,"ab",1.5,"low","0.090571618","23.78503125",1,"low","low","1","low","2"
"518",173,"ac",3.5,"medium","0.084104669","42.84945156",1,"low","low","1","low","2"
"519",173,"bc",1.5,"low","0.044985425","36.45637031",4,"low","low","1","low","1"
"520",174,"ab",7.5,"high","0.570999728","3238.644248",7.5,"high","high","8","high","6"
"521",174,"ac",8.5,"high","1.280158841","964.3530688",9,"high","medium","5","high","8"
"522",174,"bc",7,"high","2.560845403","1380.328342",8.5,"high","high","6","high","8"
"523",175,"ab",4.5,"medium","0.278810593","413.8024828",3.5,"low","low","3","medium","4"
"524",175,"ac",7.5,"high","0.545779011","698.8655016",8,"high","medium","4","medium","6"
"525",175,"bc",3.5,"medium","0.535613261","445.85485",6,"medium","medium","3","medium","6"
"526",176,"ab",4.5,"medium","0.418311925","322.7446172",4,"medium","low","3","medium","5"
"527",176,"ac",5,"medium","0.417031735","483.3894625",7.5,"high","medium","4","medium","5"
"528",176,"bc",6.5,"high","0.224554299","806.9152234",6.5,"medium","medium","5","medium","3"
"529",177,"ab",5,"medium","0.832411106","2827.372822",3.5,"low","high","8","high","7"
"530",177,"ac",3.5,"medium","0.741802339","1217.236464",5,"medium","medium","6","high","7"
"531",177,"bc",6.5,"high","0.704432365","1207.929536",6.5,"medium","medium","6","high","7"
"532",178,"ab",3,"low","0.612558809","692.5094906",1.5,"low","medium","4","high","6"
"533",178,"ac",3,"low","0.442113939","1692.362944",8,"high","high","7","medium","5"
"534",178,"bc",6.5,"high","0.358698133","867.6431438",5,"medium","medium","5","medium","4"
"535",179,"ab",5,"medium","0.744623147","393.1561703",2,"low","low","3","high","7"
"536",179,"ac",3,"low","0.727572386","767.3520984",6,"medium","medium","5","high","7"
"537",179,"bc",8,"high","0.93095776","248.2306219",5.5,"medium","low","2","high","7"
"538",180,"ab",4.5,"medium","1.171970685","981.4602719",7,"high","medium","5","high","8"
"539",180,"ac",6,"medium","0.78979717","354.3419344",8.5,"high","low","3","high","7"
"540",180,"bc",4,"medium","0.31454554","632.4357813",8.5,"high","medium","4","medium","4"
"541",181,"ab",7.5,"high","0.520475445","2261.379502",7.5,"high","high","7","medium","6"
"542",181,"ac",3,"low","0.308696575","932.799625",8.5,"high","medium","5","medium","4"
"543",181,"bc",4.5,"medium","0.547425965","2007.892973",5,"medium","high","7","medium","6"
